City_ID,City,Lat,Lng,Max Temp,Humidity,Cloudiness,Wind Speed,Country,Date
0,margaret river,-33.95,115.0667,17.51,75,23,7.36,AU,1733026505
1,iqaluit,63.7506,-68.5145,-8.15,61,75,4.12,CA,1733026506
2,grytviken,-54.2811,-36.5092,1.29,75,56,3.54,GS,1733026507
3,jamestown,42.097,-79.2353,-5.55,68,20,5.66,US,1733026508
4,stanley,54.868,-1.6985,11.01,90,20,6.69,GB,1733026509
5,gaalkacyo,6.7697,47.4308,22.75,65,79,4.61,SO,1733026511
6,port-aux-francais,-49.35,70.2167,4.5,93,100,9.47,TF,1733026512
7,suva,-18.1416,178.4415,26.71,83,75,4.12,FJ,1733026464
8,lompoc,34.6391,-120.4579,13.41,58,75,2.06,US,1733026514
9,hermanus,-34.4187,19.2345,13.22,80,41,2.66,ZA,1733026516
10,cabo san lucas,22.8909,-109.9124,23.2,70,9,3.58,MX,1733025960
11,edinburgh of the seven seas,-37.0676,-12.3116,16.56,98,100,8.7,SH,1733026518
12,yellowknife,62.456,-114.3525,-17.47,85,100,2.57,CA,1733026414
13,choyr,46.3611,108.3611,-10.13,19,0,9.17,MN,1733026520
14,bilibino,68.0546,166.4372,-17.09,98,98,1.71,RU,1733026521
15,longyearbyen,78.2186,15.6401,-8.09,49,20,6.17,SJ,1733026522
16,carnarvon,-24.8667,113.6333,24.38,63,0,6.73,AU,1733026523
17,yeppoon,-23.1333,150.7333,27.7,69,88,5.2,AU,1733026524
18,kailua-kona,19.6406,-155.9956,24.6,88,30,1.7,US,1733026245
19,albany,42.6001,-73.9662,-2.43,66,34,4.92,US,1733026388
20,fale old settlement,-9.3852,-171.2468,29.03,65,100,4.83,TK,1733026528
21,bethel,41.3712,-73.414,-1.55,66,0,2.57,US,1733026529
22,blackmans bay,-43.0167,147.3167,25.96,51,50,1.34,AU,1733026530
23,westport,41.1415,-73.3579,-0.38,63,0,4.12,US,1733026531
24,smithers,54.7804,-127.1743,-4.82,80,100,1.03,CA,1733026503
25,talnakh,69.4865,88.3972,-9.82,65,100,10.87,RU,1733026533
26,huarmey,-10.0681,-78.1522,20.29,88,95,3.95,PE,1733026534
27,calvinia,-31.4707,19.776,14.99,57,0,1.49,ZA,1733026535
28,abou el hassan,36.4166,1.1962,12.75,79,20,0.5,DZ,1733026536
29,battagram,34.6772,73.0233,14.93,40,2,0.72,PK,1733026537
30,karungdong,5.8844,121.263,27.72,80,100,2.26,PH,1733026538
31,muang phonsavan,19.45,103.2167,24.48,46,98,1.48,LA,1733026540
32,kuala belait,4.5833,114.1833,30.2,65,89,0.81,BN,1733026541
33,ushuaia,-54.8,-68.3,3.81,87,75,9.77,AR,1733026542
34,san antonio de pale,-1.4014,5.6325,26.64,80,100,3.42,GQ,1733026544
35,codrington,-38.2667,141.9667,16.15,93,100,5.66,AU,1733026545
36,tazovsky,67.4667,78.7,-8.05,93,100,8.55,RU,1733026547
37,avarua,-21.2078,-159.775,25.03,73,20,3.6,CK,1733026548
38,crane,31.3974,-102.3501,11.73,36,99,2.63,US,1733026549
39,port saint john's,-31.6229,29.5448,20.78,80,73,0.6,ZA,1733026550
40,yichang,30.7144,111.2847,19.09,34,3,1.27,CN,1733026551
41,sanger,36.708,-119.556,11.35,95,100,2.57,US,1733026552
42,port blair,11.6667,92.75,29.02,79,40,2.57,IN,1733026553
43,coahuayana de hidalgo,18.7,-103.6583,23.24,94,26,1.35,MX,1733026554
44,adamstown,-25.066,-130.1015,23.16,82,100,6.19,PN,1733026555
45,lata,40.1629,-8.3327,13.85,71,100,2.11,PT,1733026556
46,tiksi,71.6872,128.8694,-24.68,99,84,1.85,RU,1733026557
47,tabou,4.423,-7.3528,25.35,84,0,2.12,CI,1733026558
48,puerto natales,-51.7236,-72.4875,4.1,84,46,4.0,CL,1733026559
49,qaqortoq,60.7167,-46.0333,-7.54,71,81,4.33,GL,1733026560
50,kingston,17.997,-76.7936,26.53,89,20,2.06,JM,1733026562
51,vernon,50.2581,-119.2691,1.63,82,100,1.03,CA,1733026269
52,waitangi,-43.9535,-176.5597,14.34,81,77,6.26,NZ,1733026564
53,bredasdorp,-34.5322,20.0403,15.42,80,43,0.54,ZA,1733026565
54,pisco,-13.7,-76.2167,19.03,88,100,5.14,PE,1733026566
55,bela vista,-22.1089,-56.5211,27.15,67,100,2.12,BR,1733026567
56,tual,-5.6667,132.75,29.57,70,99,3.34,ID,1733026307
57,nadi,-17.8,177.4167,30.0,66,20,4.63,FJ,1733026569
58,vorgashor,67.5833,63.95,-10.48,97,100,5.29,RU,1733026570
59,dalbandin,28.8947,64.4101,16.74,35,75,5.55,PK,1733026571
60,sarmiento,-45.5882,-69.07,12.09,49,80,10.99,AR,1733026572
61,manga,11.6636,-1.0731,18.94,26,36,3.38,BF,1733026573
62,aasiaat,68.7098,-52.8699,-21.55,99,93,3.39,GL,1733026574
63,kodiak,57.79,-152.4072,-1.27,93,100,3.09,US,1733026575
64,khandyga,62.6667,135.6,-22.39,100,91,0.66,RU,1733026578
65,udachny,66.4167,112.4,-34.34,100,42,1.37,RU,1733026579
66,st. john's,47.5649,-52.7093,4.66,96,100,5.14,CA,1733026519
67,caleta de carquin,-11.0925,-77.6267,20.13,89,98,4.07,PE,1733026581
68,assab,13.0092,42.7394,26.23,72,8,7.25,ER,1733026582
69,heihe,50.2441,127.4902,-16.68,74,100,1.2,CN,1733026583
70,papatowai,-46.5619,169.4708,15.49,60,50,4.74,NZ,1733026584
71,belozersk,60.0326,37.7957,2.54,87,100,7.04,RU,1733026585
72,borzya,50.3833,116.5167,-15.47,83,80,3.17,RU,1733026586
73,fuglafjordur,62.244,-6.814,8.94,93,100,6.43,FO,1733026587
74,tralee,52.2704,-9.7026,9.13,97,54,2.33,IE,1733026588
75,saipan,15.1355,145.701,31.39,70,0,7.2,MP,1733026590
76,geraldton,-28.7667,114.6,24.23,53,40,6.17,AU,1733026591
77,badger,64.8,-147.5333,-20.36,82,75,1.54,US,1733026595
78,gereida,11.2811,25.1414,14.98,29,18,4.58,SD,1733026597
79,uturoa,-16.7333,-151.4333,27.75,71,57,1.37,PF,1733026598
80,whitehorse,60.7161,-135.0538,-25.57,76,0,5.66,CA,1733026445
81,hawaiian paradise park,19.5933,-154.9731,22.73,82,75,2.57,US,1733026600
82,ribeira grande,38.5167,-28.7,17.1,81,97,2.68,PT,1733026601
83,kone,-21.0595,164.8658,29.83,52,41,2.26,NC,1733026602
84,selkirk,50.1436,-96.8845,-11.57,93,97,1.79,CA,1733026604
85,kenora,49.8167,-94.4337,-10.68,100,100,4.92,CA,1733026606
86,nar'yan-mar,67.6713,53.087,-6.85,86,18,10.78,RU,1733026607
87,wagar,16.1525,36.2032,20.91,81,51,4.5,SD,1733026608
88,el calafate,-50.3408,-72.2768,6.63,64,21,5.67,AR,1733026609
89,balykshi,47.0667,51.8667,-2.0,86,100,4.0,KZ,1733026610
90,beli,7.8587,10.9719,21.01,40,43,1.18,NG,1733026611
91,puerto ayora,-0.7393,-90.3518,20.78,86,68,3.39,EC,1733026612
92,kerikeri,-35.2268,173.9474,20.07,68,44,3.24,NZ,1733026613
93,port lincoln,-34.7333,135.8667,21.66,54,1,1.49,AU,1733026615
94,mount pearl,47.5166,-52.7813,4.19,97,100,5.14,CA,1733026616
95,brookings,44.3114,-96.7984,-11.0,73,100,2.57,US,1733026440
96,laojunmiao,39.8333,97.7333,0.06,46,18,0.1,CN,1733026618
97,harstad,68.799,16.5293,-2.69,94,100,3.13,NO,1733026619
98,novaci,45.1833,23.6667,2.16,89,92,1.96,RO,1733026620
99,hobyo,5.3505,48.5268,26.67,67,11,8.63,SO,1733026621
100,daru,-9.0763,143.2092,29.03,79,100,3.68,PG,1733026622
101,sitka,57.0531,-135.33,-2.06,64,0,3.09,US,1733026623
102,port mathurin,-19.6833,63.4167,24.72,75,12,7.29,MU,1733026624
103,dwarka,22.2394,68.9678,25.64,37,5,3.77,IN,1733026625
104,kanniyakumari,8.0833,77.5667,28.6,73,46,9.99,IN,1733026626
105,pak phanang,8.3511,100.202,28.5,71,56,3.21,TH,1733026627
106,gabu,12.2833,-14.2167,19.63,31,97,1.01,GW,1733026628
107,neryungri,56.6709,124.6491,-22.09,94,100,5.12,RU,1733026630
108,toktogul,41.8708,72.9402,2.58,97,97,0.32,KG,1733026631
109,anadyr,64.75,177.4833,-0.72,80,75,9.0,RU,1733026632
110,hadibu,12.65,54.0333,25.83,69,13,5.28,YE,1733026633
111,plettenberg bay,-34.0527,23.3716,15.97,77,34,1.74,ZA,1733026634
112,hami,42.8,93.45,-1.84,62,100,1.13,CN,1733026635
113,nemuro,43.3236,145.575,4.9,49,70,7.43,JP,1733026636
114,kismayo,-0.3582,42.5454,27.73,75,69,5.36,SO,1733026637
115,georgetown,5.4112,100.3354,28.96,74,20,2.57,MY,1733026638
116,north bend,43.4065,-124.2243,2.37,100,0,2.06,US,1733026557
117,soe,-9.8607,124.284,27.01,71,100,1.25,ID,1733026640
118,kattivakkam,13.2167,80.3167,27.76,96,97,9.49,IN,1733026641
119,penrith,54.6658,-2.7576,11.86,92,100,6.64,GB,1733026643
120,afaahiti,-17.75,-149.2833,26.61,77,77,3.58,PF,1733026644
121,biltine,14.5333,20.9167,15.8,33,52,3.16,TD,1733026645
122,lospalos,-8.5186,127.0025,31.35,56,79,4.46,TL,1733026646
123,wanlaweyn,2.6185,44.8938,24.24,77,8,4.78,SO,1733026647
124,weno,7.4515,151.8468,30.97,74,75,3.6,FM,1733026648
125,wailua homesteads,22.0669,-159.378,23.44,85,0,3.6,US,1733026649
126,iskateley,67.6803,53.1512,-6.8,86,26,10.71,RU,1733026650
127,lebu,-37.6167,-73.65,13.28,72,85,4.89,CL,1733026651
128,tobelo,1.7284,128.0095,29.01,72,99,2.11,ID,1733026652
129,arno,60.1167,18.6333,6.06,91,98,6.57,SE,1733026653
130,peniche,39.3558,-9.3811,17.47,85,100,6.51,PT,1733026654
131,petropavlovsk-kamchatsky,53.0452,158.6483,0.33,100,100,2.0,RU,1733026655
132,antonio enes,-16.2325,39.9086,25.74,57,32,4.83,MZ,1733026656
133,port elizabeth,-33.918,25.5701,19.06,89,0,3.09,ZA,1733026658
134,novosokol'niki,56.3463,30.1578,3.19,76,100,5.03,RU,1733026659
135,invercargill,-46.4,168.35,16.12,70,51,6.26,NZ,1733026660
136,san pedro,14.35,121.0167,24.62,97,100,1.03,PH,1733026661
137,college,64.8569,-147.8028,-20.31,78,75,1.54,US,1733026662
138,alaghsas,17.0187,8.0168,16.13,24,52,5.59,NE,1733026663
139,jabor,5.921,169.6434,28.05,78,27,6.84,MH,1733026664
140,hasaki,35.7333,140.8333,14.93,33,0,0.49,JP,1733026665
141,lihue,21.9789,-159.3672,23.77,81,0,3.6,US,1733026666
142,temiskaming shores,47.4938,-79.7153,-8.11,88,100,2.12,CA,1733026667
143,krumovgrad,41.4667,25.65,7.51,88,100,6.37,BG,1733026668
144,colares,38.7992,-9.4469,18.52,73,100,4.44,PT,1733026669
145,phan rang-thap cham,11.5667,108.9833,30.38,55,73,4.76,VN,1733026670
146,robore,-18.3333,-59.75,25.03,77,100,2.41,BO,1733026671
147,maracaibo,10.6317,-71.6406,26.64,87,46,3.09,VE,1733026673
148,thompson,55.7435,-97.8558,-14.91,85,100,3.6,CA,1733026674
149,la passe,45.5549,-0.8967,12.12,75,95,5.28,FR,1733026675
150,fonte boa,-2.4959,-66.2662,25.14,65,85,1.1,BR,1733026676
151,aykhal,66.0,111.5,-29.39,100,9,1.36,RU,1733026677
152,bahraigh,27.5833,81.6,20.61,38,0,2.88,IN,1733026678
153,kapuskasing,49.4169,-82.4331,-4.95,100,100,4.12,CA,1733026679
154,antofagasta,-23.65,-70.4,17.6,82,63,2.19,CL,1733026681
155,dryden,49.7833,-92.7503,-10.84,92,100,3.6,CA,1733026682
156,susuman,62.7833,148.1667,-16.16,99,98,1.5,RU,1733026683
157,saint-philippe,-21.3585,55.7679,25.2,75,13,4.17,RE,1733026685
158,alwar,27.5667,76.6,20.37,24,0,1.75,IN,1733026686
159,stepnoye,51.4,46.8667,-0.7,88,100,2.85,RU,1733026687
160,yanbu,24.0891,38.0637,17.02,72,0,1.54,SA,1733026688
161,nagqu,31.5,92.0,-2.42,30,34,3.44,CN,1733026689
162,puerto lempira,15.2667,-83.7667,25.27,87,99,2.44,HN,1733026690
163,basoko,1.2391,23.616,22.22,77,94,0.62,CD,1733026691
164,kande,9.9578,1.0447,19.66,31,87,1.64,TG,1733026692
165,beitbridge,-22.2167,30.0,21.73,48,0,2.87,ZW,1733026694
166,port alfred,-33.5906,26.891,16.21,96,19,2.04,ZA,1733026695
167,klyuchi,52.2667,79.1667,-10.24,89,100,1.96,RU,1733026696
168,kaihua,23.3687,104.28,17.23,61,56,2.62,CN,1733026697
169,west island,-12.1568,96.8225,29.99,74,75,2.57,CC,1733026698
170,idaho falls,43.4666,-112.0341,-2.95,86,20,2.57,US,1733026699
171,itigi,-5.7,34.4833,18.25,89,100,2.3,TZ,1733026700
172,mejit,10.2753,170.8646,27.71,84,99,10.35,MH,1733026701
173,enewetak,11.3474,162.3373,28.04,81,93,10.67,MH,1733026702
174,grantsville,40.5999,-112.4644,-5.01,86,0,2.06,US,1733026703
175,udpura,24.7167,75.9667,19.05,34,4,2.84,IN,1733026704
176,ust-nera,64.5667,143.2,-22.53,99,100,0.94,RU,1733026705
177,ketchikan,55.3422,-131.6461,0.99,80,100,0.0,US,1733026706
178,suwayr,30.1171,40.3893,9.37,55,0,2.19,SA,1733026708
179,dunedin,-45.8742,170.5036,17.67,68,64,1.34,NZ,1733026709
180,huron,41.1501,-82.5499,-5.18,71,100,5.43,US,1733026710
181,motygino,58.1831,94.7592,-19.26,89,32,1.47,RU,1733026711
182,freetown,8.484,-13.2299,24.66,76,65,2.05,SL,1733026712
183,weiser,44.251,-116.9693,-0.89,88,100,0.95,US,1733026713
184,ust'-kulom,61.6864,53.6902,-8.48,94,68,2.65,RU,1733026714
185,tabuk,17.4189,121.4443,24.21,85,100,2.66,PH,1733026715
186,kiruna,67.8557,20.2251,-11.49,79,100,3.09,SE,1733026716
187,ioannina,39.6675,20.8508,6.86,87,92,3.09,GR,1733026717
188,gracias,14.5833,-88.5833,17.87,99,93,2.2,HN,1733026718
189,rong'an,26.1247,119.1214,21.38,46,1,0.57,CN,1733026719
190,pirallahi,40.4723,50.333,8.08,69,100,3.29,AZ,1733026720
191,al jawf,29.5,38.75,9.42,56,0,1.53,SA,1733026434
192,sorong,-0.8833,131.25,29.86,71,48,4.29,ID,1733026508
193,bayganin,48.6947,55.8742,-3.42,86,98,3.9,KZ,1733026724
194,liboro,13.8245,122.7295,25.51,92,100,3.72,PH,1733026725
195,winnemucca,40.973,-117.7357,-5.97,86,0,2.57,US,1733026726
196,petropavlivka,48.4564,36.4367,-2.57,90,11,2.9,UA,1733026727
197,halifax,44.6453,-63.5724,1.36,87,9,2.98,CA,1733026728
198,murzuq,25.9155,13.9184,10.39,56,26,1.54,LY,1733026729
199,karamay,45.6004,84.8661,0.66,76,100,1.06,CN,1733026730
200,taksimo,56.3444,114.8794,-18.76,77,100,1.4,RU,1733026731
201,matoury,4.8483,-52.3317,26.98,89,100,3.6,GF,1733026732
202,simanggang,1.2472,111.4528,32.99,66,40,1.54,MY,1733026733
203,mandera,3.9366,41.867,26.89,32,68,5.49,KE,1733026734
204,sirjan,29.452,55.6814,4.35,35,0,1.77,IR,1733026735
205,khanpur,28.6453,70.6567,23.08,21,41,1.59,PK,1733026736
206,mwene-ditu,-7.0,23.45,18.37,99,100,1.75,CD,1733026738
207,visakhapatnam,17.69,83.2093,25.94,89,75,5.14,IN,1733026739
208,namibe,-15.1961,12.1522,21.71,77,96,2.44,AO,1733026740
209,wynyard,-41.0,145.7167,15.1,97,95,4.92,AU,1733026741
210,kyzyl-mazhalyk,51.1333,90.6,-10.66,71,21,0.68,RU,1733026742
211,fort-shevchenko,44.5086,50.263,3.44,71,100,3.32,KZ,1733026743
212,turkmenbasy,40.0222,52.9552,4.43,87,75,3.09,TM,1733026744
213,pascagoula,30.3658,-88.5561,1.0,86,0,0.0,US,1733026745
214,belyy yar,53.6039,91.3903,-9.06,92,100,0.0,RU,1733026746
215,sangueya,10.7,-14.3667,21.68,87,66,1.33,GN,1733026747
216,huntsville,34.7304,-86.5861,4.5,69,100,2.06,US,1733026748
217,olonkinbyen,70.9221,-8.7187,-10.36,65,100,7.23,SJ,1733026749
218,punta arenas,-53.15,-70.9167,5.06,81,0,7.72,CL,1733026750
219,rikaze,29.25,88.8833,2.69,29,0,0.98,CN,1733026752
220,san andres,12.5847,-81.7006,28.01,89,20,5.14,CO,1733026753
221,waingapu,-9.6567,120.2641,31.96,63,100,4.29,ID,1733026754
222,burang,30.25,81.1667,-2.63,42,0,3.29,CN,1733026755
223,alice,27.7523,-98.0697,17.09,67,99,3.6,US,1733026756
224,santa luzia,-19.7697,-43.8514,23.21,92,75,1.46,BR,1733026757
225,newman,37.3138,-121.0208,8.35,93,100,1.34,US,1733026758
226,cockburn town,21.4612,-71.1419,27.14,82,47,4.7,TC,1733026759
227,bikenibeu village,1.3673,173.1241,30.98,66,20,6.69,KI,1733026760
228,vilyuchinsk,52.9306,158.4028,1.15,100,100,1.11,RU,1733026761
229,lagoa vermelha,-28.2086,-51.5258,15.73,99,34,1.92,BR,1733026764
230,mersrags,57.3354,23.1246,4.65,84,30,7.64,LV,1733026765
231,atafu village,-8.5421,-172.5159,28.96,67,15,5.72,TK,1733026766
232,kharan,28.5833,65.4167,16.53,39,44,3.67,PK,1733026767
233,pudozh,61.8099,36.5345,3.44,98,100,5.44,RU,1733026768
234,ferkessedougou,9.6,-5.2,19.32,29,62,2.53,CI,1733026769
235,swift current,50.2834,-107.8014,-11.55,92,40,5.14,CA,1733026519
236,gaspe,48.8334,-64.4819,-3.88,74,0,6.17,CA,1733026772
237,taulaga,-11.0553,-171.0883,28.8,68,76,4.72,AS,1733026773
238,lethem,3.3803,-59.7968,24.88,82,82,3.45,GY,1733026774
239,dul'durga,50.6761,113.5931,-12.51,75,78,6.28,RU,1733026775
240,bhamo,24.2667,97.2333,24.6,43,20,1.14,MM,1733026776
241,howrah,22.5892,88.3103,24.0,69,75,3.09,IN,1733026778
242,goba,7.0167,39.9833,7.56,51,92,1.89,ET,1733026779
243,port augusta,-32.5,137.7667,30.01,15,26,4.85,AU,1733026780
244,conselheiro pena,-19.1722,-41.4722,23.46,97,100,1.55,BR,1733026781
245,ilulissat,69.2167,-51.1,-24.92,84,10,2.95,GL,1733026782
246,camargo,27.6667,-105.1667,15.48,35,87,1.01,MX,1733026783
247,tolanaro,-25.0319,46.9987,25.04,73,20,3.09,MG,1733026784
248,ola,59.5833,151.2833,-1.81,79,100,5.32,RU,1733026785
249,saudarkrokur,65.7461,-19.6394,-6.15,78,96,11.38,IS,1733026786
250,sungai penuh,-2.0833,101.3833,26.68,46,100,2.81,ID,1733026787
251,guatire,10.4762,-66.5427,22.24,98,35,0.6,VE,1733026788
252,richards bay,-28.783,32.0377,19.9,82,12,1.45,ZA,1733026790
253,ales,44.1333,4.0833,5.09,76,8,1.27,FR,1733026791
254,kapa'a,22.0752,-159.319,24.18,84,0,3.6,US,1733026792
255,utrik,11.2278,169.8474,27.83,81,63,10.3,MH,1733026794
256,angel r. cabada,18.5833,-95.4333,23.17,87,100,3.38,MX,1733026795
257,santa cruz,-17.8,-63.1667,25.7,83,40,2.57,BO,1733026796
258,dalai,45.5,124.3,-0.1,86,100,6.66,CN,1733026797
259,cherlak,54.155,74.8055,-15.47,97,67,2.29,RU,1733026798
260,kittila,67.6647,24.8936,-12.92,85,0,1.03,FI,1733026801
261,okhotsk,59.3833,143.3,-4.6,80,100,5.5,RU,1733026802
262,tripoli,32.8752,13.1875,17.55,54,57,7.04,LY,1733026803
263,vadso,70.0744,29.7487,-3.91,74,100,6.69,NO,1733026804
264,charters towers,-20.1,146.2667,32.81,42,49,4.07,AU,1733026805
265,yuzhno-sukhokumsk,44.6581,45.6436,-0.41,92,42,2.74,RU,1733026806
266,bandar abbas,27.1865,56.2808,20.99,49,0,4.12,IR,1733026807
267,fort mcmurray,56.7268,-111.381,-19.23,77,100,3.09,CA,1733026808
268,zavodskoy,43.4597,132.2922,-0.23,37,42,1.0,RU,1733026809
269,san matias,-16.3667,-58.4,23.43,95,100,2.56,BO,1733026810
270,trujillo,-8.116,-79.03,16.98,88,75,3.6,PE,1733026811
271,abepura,-2.6333,140.5833,33.45,49,20,3.6,ID,1733026812
272,whakatane,-37.9585,176.9854,19.73,82,73,0.89,NZ,1733026813
273,holualoa,19.6228,-155.9522,22.53,89,41,1.55,US,1733026815
274,isafjordur,66.0755,-23.124,-8.41,80,98,10.48,IS,1733026816
275,i-n-salah,27.1935,2.4607,14.2,33,6,5.1,DZ,1733026817
276,praia,14.9215,-23.5087,23.3,83,0,4.12,CV,1733026818
277,selfoss,63.9331,-20.9971,-6.96,74,0,5.86,IS,1733026821
278,qoryooley,1.7878,44.53,24.45,77,6,4.86,SO,1733026822
279,pula,44.8683,13.8481,9.31,61,0,5.14,HR,1733026823
280,nanao,37.05,136.9667,10.39,89,94,0.73,JP,1733026824
281,bardai,11.65,7.2333,16.51,25,73,5.21,NG,1733026826
282,callao,-12.0667,-77.15,22.07,83,75,6.69,PE,1733026827
283,bomdila,27.25,92.4,7.52,38,40,1.86,IN,1733026828
284,kudat,6.8837,116.8477,30.96,74,20,1.54,MY,1733026829
285,hithadhoo,-0.6,73.0833,27.26,81,99,8.46,MV,1733026830
286,tura,25.5198,90.2201,23.53,57,96,1.01,IN,1733026831
287,remire-montjoly,4.9167,-52.2667,27.02,89,100,3.6,GF,1733026832
288,semirom,31.4167,51.5667,-3.64,48,0,2.14,IR,1733026833
289,labuan,5.2767,115.2417,29.2,70,20,1.54,MY,1733026834
290,forster,-32.1667,152.5167,24.22,82,91,4.14,AU,1733026835
291,nenagh bridge,52.8817,-8.1958,10.66,93,100,3.82,IE,1733026837
292,merizo village,13.2658,144.6691,31.31,84,79,6.24,GU,1733026839
293,nehe,48.4833,124.8333,-10.46,95,100,4.45,CN,1733026840
294,nova sintra,14.8667,-24.7167,26.11,72,92,7.26,CV,1733026841
295,sisimiut,66.9395,-53.6735,-11.42,77,100,4.47,GL,1733026842
296,trincomalee,8.5711,81.2335,28.2,73,33,8.4,LK,1733026844
297,aleksandrovsk-sakhalinskiy,50.8975,142.1561,-1.36,84,100,5.2,RU,1733026845
298,severo-yeniseyskiy,60.3725,93.0408,-17.49,86,40,1.56,RU,1733026847
299,juticalpa,14.65,-86.2,21.11,83,98,1.98,HN,1733026848
300,porto novo,6.4965,2.6036,24.9,52,82,2.05,BJ,1733026849
301,vilyuysk,63.7553,121.6247,-27.73,96,99,2.8,RU,1733026851
302,potsdam,52.3989,13.0657,1.16,94,5,2.1,DE,1733026852
303,sola,-13.8833,167.55,27.72,72,24,4.18,VU,1733026853
304,gushu,31.5598,118.4829,17.6,34,0,5.32,CN,1733026854
305,labasa,-16.4167,179.3833,26.88,80,99,2.56,FJ,1733026855
306,sechura,-5.5569,-80.8222,20.45,80,95,5.33,PE,1733026856
307,puerto deseado,-47.7503,-65.8938,10.83,71,77,10.54,AR,1733026857
308,balabac,7.9868,117.0645,29.05,68,100,2.28,PH,1733026858
309,najran,17.4924,44.1277,14.66,70,24,0.63,SA,1733026859
310,tame,6.461,-71.73,24.57,68,68,1.92,CO,1733026860
311,hilo,19.7297,-155.09,22.85,84,75,2.57,US,1733026829
312,lemoore station,36.2633,-119.9048,10.02,87,0,0.0,US,1733026862
313,halmeu,47.9667,23.0167,3.38,85,3,1.91,RO,1733026863
314,kolonia town,6.964,158.206,29.06,79,100,6.69,FM,1733026864
315,alice springs,-23.7,133.8833,34.75,26,75,3.09,AU,1733026866
316,dunay,42.8803,132.3375,-1.12,44,43,4.27,RU,1733026867
317,hamilton,39.1834,-84.5333,-0.09,88,100,3.6,US,1733026868
318,usinsk,65.9939,57.5281,-9.78,92,86,6.9,RU,1733026869
319,nyurba,63.2842,118.3319,-32.04,98,74,1.65,RU,1733026870
320,qui nhon,13.7667,109.2333,25.31,77,74,5.16,VN,1733026871
321,itoman,26.1247,127.6694,23.21,53,40,3.09,JP,1733026872
322,tympaki,35.0729,24.7685,17.61,83,59,7.71,GR,1733026874
323,padre paraiso,-17.0742,-41.4844,19.23,98,100,1.4,BR,1733026875
324,aurora,39.7294,-104.8319,4.11,54,75,2.57,US,1733026876
325,nova vicosa,-17.8919,-39.3719,25.0,82,100,5.19,BR,1733026877
326,castillos,-34.1667,-53.8333,13.64,81,62,2.4,UY,1733026878
327,kupang,-10.1667,123.5833,32.32,74,75,4.12,ID,1733026219
328,ardestan,33.3761,52.3694,4.33,49,0,0.71,IR,1733026881
329,caucete,-31.6518,-68.2811,21.79,72,0,1.12,AR,1733026882
330,komsomolets,53.7453,62.0708,-8.09,90,20,3.1,KZ,1733026883
331,sanchor,24.7553,71.7722,22.4,23,1,0.49,IN,1733026884
332,ust'-ilimsk,58.0006,102.6619,-21.28,96,34,0.71,RU,1733026885
333,masvingo,-20.0637,30.8277,16.34,56,36,1.63,ZW,1733026886
334,fort st. john,56.2499,-120.8529,-26.06,76,20,1.03,CA,1733026887
335,thinadhoo,0.5333,72.9333,27.78,77,100,8.66,MV,1733026888
336,toliara,-23.35,43.6667,23.35,64,0,5.91,MG,1733026889
337,polyarnyy,69.1989,33.4478,-9.3,85,75,5.55,RU,1733026890
338,gizo,-8.103,156.8419,28.91,71,100,1.09,SB,1733026891
339,petoskey,45.3733,-84.9553,-2.66,88,97,3.58,US,1733026892
340,choiseul,48.0588,5.5668,-0.67,72,19,2.16,FR,1733026893
341,saint-francois,46.4154,3.9054,0.69,100,100,2.06,FR,1733026894
342,lincoln city,44.9582,-124.0179,5.39,87,73,3.13,US,1733026649
343,happy valley-goose bay,53.3168,-60.3315,-2.83,86,20,6.17,CA,1733026897
344,sinop,41.7711,34.8709,1.04,78,8,2.98,TR,1733026898
345,kutum,14.2,24.6667,10.84,40,4,2.27,SD,1733026899
346,papao,-17.75,-149.55,27.82,71,64,1.65,PF,1733026900
347,sabang,5.8933,95.3214,25.3,89,100,5.63,ID,1733026901
348,pestovo,58.5938,35.8024,2.61,87,100,5.29,RU,1733026903
349,horta,38.5333,-28.6333,16.68,81,98,2.68,PT,1733026904
350,birao,10.2849,22.7882,16.14,32,15,2.53,CF,1733026905
351,doka,13.5167,35.7667,21.49,38,9,4.13,SD,1733026906
352,fort bragg,35.139,-79.006,-1.09,86,20,0.0,US,1733026616
353,kilju,40.9642,129.3278,6.19,36,2,2.74,KP,1733026908
354,meulaboh,4.1363,96.1285,24.61,90,100,3.14,ID,1733026910
355,sinabang,2.4803,96.3801,27.58,79,100,3.47,ID,1733026911
356,acireale,37.6125,15.1663,8.22,71,0,4.63,IT,1733026912
357,naze,28.3667,129.4833,21.51,63,44,1.65,JP,1733026913
358,aban,56.67,96.06,-13.6,81,7,2.73,RU,1733026914
359,laranjeiras do sul,-25.4078,-52.4161,20.37,88,100,1.44,BR,1733026915
360,shibata,37.95,139.3333,10.93,66,75,6.69,JP,1733026916
361,parauapebas,-6.0675,-49.9022,25.04,66,28,0.28,BR,1733026917
362,baiyin,36.5583,104.2081,3.97,28,0,5.87,CN,1733026918
363,palmer,42.1584,-72.3287,-1.72,69,100,1.54,US,1733026919
364,timbuktu,16.7735,-3.0074,18.68,14,35,4.18,ML,1733026920
365,muravlenko,63.7898,74.523,-8.92,94,95,7.04,RU,1733026921
366,altamira,-3.2033,-52.2064,26.1,68,92,2.2,BR,1733026922
367,drayton valley,53.2168,-114.9854,-16.3,97,100,1.76,CA,1733026804
368,yamada,39.4667,141.95,7.24,44,0,3.35,JP,1733026925
369,darab,28.7519,54.5444,10.65,26,0,2.89,IR,1733026926
370,dera ghazi khan,30.0561,70.6348,20.81,26,4,0.66,PK,1733026927
371,el porvenir,13.7617,-87.3458,20.92,80,36,2.79,HN,1733026928
372,salalah,17.0151,54.0924,26.05,36,0,6.17,OM,1733026929
373,baise city,23.8997,106.6133,21.86,99,27,1.76,CN,1733026930
374,gadzhiyevo,69.2551,33.3362,-8.7,84,81,6.33,RU,1733026931
375,guapo,-16.8306,-49.5319,20.87,95,95,1.4,BR,1733026932
376,al muwayh,22.4333,41.7583,18.08,56,0,2.14,SA,1733026933
377,enoch,37.7733,-113.0244,3.04,69,0,3.09,US,1733026934
378,puerto aysen,-45.4,-72.7,7.49,99,100,2.18,CL,1733026935
379,mariana,-20.3778,-43.4161,20.08,98,84,1.31,BR,1733026936
380,dudinka,69.4058,86.1778,-10.05,81,100,13.06,RU,1733026937
381,mezhdurechensk,53.6942,88.0603,-3.93,93,89,0.97,RU,1733026939
382,estevan,49.1334,-102.9842,-17.66,78,0,1.54,CA,1733026940
383,sefwi wiawso,6.2044,-2.4886,19.67,71,3,0.68,GH,1733026941
384,mermoz boabab,14.7065,-17.4758,25.78,43,100,5.99,SN,1733026942
385,tuy hoa,13.0833,109.3,24.95,79,100,3.54,VN,1733026943
386,nuuk,64.1835,-51.7216,-2.66,59,75,7.2,GL,1733026944
387,mirny,62.5353,113.9611,-31.45,98,34,1.24,RU,1733026869
388,la manga del mar menor,37.6413,-0.7165,15.15,94,100,2.06,ES,1733026946
389,molde,62.7375,7.1591,2.91,100,97,3.6,NO,1733026947
390,tanjung selor,2.8372,117.3642,25.53,94,100,0.3,ID,1733026949
391,mazar-e sharif,36.709,67.1109,8.21,64,98,6.02,AF,1733026950
392,burley,42.5357,-113.7928,-3.02,80,0,0.0,US,1733026719
393,puerto armuelles,8.2833,-82.8667,26.16,85,100,0.45,PA,1733026952
394,kikvidze,50.7416,43.0518,-5.6,97,9,1.37,RU,1733026953
395,touros,-5.1989,-35.4608,24.88,79,45,4.27,BR,1733026955
396,quesnel,52.9999,-122.5029,-7.72,79,100,2.06,CA,1733026957
397,svetlyy,54.675,20.1347,3.66,79,100,5.38,RU,1733026958
398,khabarovsk,48.4808,135.0928,-9.11,57,0,8.0,RU,1733026960
399,tazacorte,28.629,-17.9293,18.97,46,0,3.58,ES,1733026961
400,taos,36.4072,-105.5731,1.36,30,0,3.13,US,1733026962
401,bembereke,10.2283,2.6634,18.12,36,84,2.26,BJ,1733026963
402,zheleznovodsk,44.1394,43.0197,-1.77,100,100,4.0,RU,1733026964
403,vila velha,-20.3297,-40.2925,24.97,94,100,2.06,BR,1733026965
404,birzebbuga,35.8258,14.5269,13.38,58,20,4.63,MT,1733026966
405,goure,13.9835,10.2704,14.5,31,55,4.51,NE,1733026968
406,fisterra,42.9049,-9.2629,15.82,92,100,7.35,ES,1733026969
407,acapulco de juarez,16.8634,-99.8901,25.9,89,0,2.06,MX,1733026755
408,al hamul,31.3115,31.1477,13.79,83,0,1.01,EG,1733026971
409,rurrenabaque,-14.4413,-67.5278,25.03,79,90,0.71,BO,1733026972
410,gifford,27.6753,-80.4092,16.02,82,20,4.12,US,1733026973
411,kununurra,-15.7667,128.7333,35.99,52,20,3.6,AU,1733026974
412,sirte,31.2089,16.5887,18.23,64,64,7.28,LY,1733026975
413,nanning,22.8167,108.3167,23.25,40,64,4.06,CN,1733026976
414,inarajan village,13.2736,144.7484,31.54,84,78,6.38,GU,1733026977
415,sungailiat,-1.85,106.1333,31.3,63,100,1.25,ID,1733026978
416,new norfolk,-42.7826,147.0587,26.62,39,76,5.14,AU,1733026979
417,west end,26.6833,-78.9667,21.92,83,98,9.11,BS,1733026982
418,tofol,5.3248,163.0078,30.88,70,100,1.54,FM,1733026983
419,conception bay south,47.4999,-52.9981,4.53,97,100,3.71,CA,1733026984
420,melfort,52.8667,-104.6177,-21.93,77,100,0.0,CA,1733026985
421,erdenet,49.0333,104.0833,-11.87,40,21,1.36,MN,1733026986
422,broome,42.2506,-75.833,-4.05,73,100,5.66,US,1733026987
423,pandan,14.0453,124.1694,26.09,91,100,5.57,PH,1733026988
424,coquimbo,-29.9533,-71.3436,12.85,94,0,1.03,CL,1733026989
425,bloemfontein,-29.1211,26.214,12.71,41,0,0.51,ZA,1733026990
426,ta`u,-14.2336,-169.5144,28.02,75,100,4.23,AS,1733026991
427,argo,37.6333,22.7333,12.18,72,56,2.77,GR,1733026992
428,grande prairie,55.1667,-118.8027,-25.9,84,75,2.06,CA,1733026624
429,bubaque,11.2833,-15.8333,28.38,49,80,2.91,GW,1733026994
430,cold lake,54.4502,-110.2017,-20.03,84,75,0.0,CA,1733026995
431,tromso,69.6496,18.957,-2.99,86,40,4.63,NO,1733026997
432,tibati,6.4667,12.6333,18.36,38,9,1.36,CM,1733026998
433,eyl,7.9803,49.8164,25.33,68,45,7.53,SO,1733026999
434,zaysan,47.4667,84.8667,-0.91,88,100,0.55,KZ,1733027000
435,caririacu,-7.0422,-39.2836,25.05,65,40,3.09,BR,1733027001
436,costa rica,-23.4167,-54.65,24.66,80,100,1.83,BR,1733027002
437,barra de santo antonio,-9.4047,-35.5072,23.71,80,98,4.75,BR,1733027003
438,greymouth,-42.4667,171.2,17.96,62,8,2.41,NZ,1733027004
439,kristiansund,63.1115,7.732,8.36,81,75,4.12,NO,1733027005
440,oyama,36.3,139.8,15.21,29,0,3.92,JP,1733027006
441,nawabganj,24.5911,88.271,22.98,43,98,3.24,BD,1733027007
442,al kharj,24.155,47.3346,13.32,38,0,1.88,SA,1733027008
443,keetmanshoop,-26.5833,18.1333,19.51,34,0,3.09,NA,1733027009
444,cua,10.1589,-66.8858,23.68,95,100,1.32,VE,1733027010
445,ancud,-41.8697,-73.8203,10.75,84,75,5.05,CL,1733027011
446,margate,51.3813,1.3862,9.37,88,100,1.34,GB,1733027013
447,malvan,16.0667,73.4667,27.03,54,66,3.68,IN,1733027014
448,bonthe,7.5264,-12.505,25.57,81,76,1.21,SL,1733027015
449,igarka,67.4667,86.5833,-10.37,87,100,11.9,RU,1733027016
450,chui,-33.6971,-53.4616,14.84,79,77,3.04,UY,1733027017
451,westfield,42.1251,-72.7495,-1.65,75,40,2.57,US,1733027018
452,zakamensk,50.3741,103.2863,-11.07,42,0,1.04,RU,1733027019
453,cozumel,20.5083,-86.9458,23.86,93,14,5.35,MX,1733027020
454,punaauia,-17.6333,-149.6,27.8,74,68,5.14,PF,1733027021
455,tucupita,9.0622,-62.051,23.54,93,45,2.04,VE,1733027022
456,dhidhdhoo,6.8833,73.1,28.12,63,55,8.05,MV,1733027023
457,haiku-pauwela,20.9219,-156.3051,23.36,76,20,5.36,US,1733027024
458,iwanai,42.9744,140.5089,3.46,66,99,8.03,JP,1733027025
459,bir el hafey,34.9321,9.1932,12.12,63,78,0.26,TN,1733027026
460,flying fish cove,-10.4217,105.6791,28.04,76,81,1.51,CX,1733027028
461,santiago de cao,-7.9589,-79.2392,17.07,88,75,3.6,PE,1733027029
462,lionel town,17.8101,-77.2406,24.1,91,9,2.08,JM,1733027030
463,sao joao da barra,-21.6403,-41.0511,23.91,92,100,3.93,BR,1733027031
464,gurupi,-11.7292,-49.0686,22.86,95,100,1.5,BR,1733026890
465,obo,5.3998,26.4869,18.63,44,23,1.43,CF,1733027033
466,kisangani,0.5167,25.2,22.28,86,99,0.99,CD,1733027034
467,grand falls-windsor,48.9332,-55.6649,-2.5,93,8,2.84,CA,1733027035
468,manacapuru,-3.2997,-60.6206,27.46,55,16,1.78,BR,1733027036
469,eirunepe,-6.6603,-69.8736,23.03,95,45,1.07,BR,1733027037
470,kotlas,61.2611,46.6556,-3.48,95,100,3.73,RU,1733027038
471,ljusdal,61.8288,16.0913,4.01,94,75,3.29,SE,1733027039
472,doctor alberto oviedo mota,32.2275,-115.1697,17.58,13,5,2.79,MX,1733027040
473,lichtaart,51.2241,4.9199,4.47,84,2,2.86,BE,1733027041
474,lubuklinggau,-3.3,102.8667,30.56,56,100,1.25,ID,1733027043
475,kargasok,59.0556,80.8572,-6.44,94,100,3.27,RU,1733027044
476,colac,-38.3333,143.5833,15.58,96,100,5.15,AU,1733027045
477,olyokminsk,60.3736,120.4264,-22.57,92,100,3.03,RU,1733027047
478,la toma,-33.0526,-65.6238,17.49,87,98,7.39,AR,1733027048
479,port douglas,-16.4833,145.4667,28.67,77,44,2.59,AU,1733027049
480,boa vista,2.8197,-60.6733,27.99,69,0,3.09,BR,1733027050
481,mukalla,14.5425,49.1242,24.86,66,16,0.65,YE,1733027052
482,mount isa,-20.7333,139.5,32.87,40,100,2.57,AU,1733027053
483,sampit,-2.5333,112.95,33.9,49,71,1.62,ID,1733027054
484,banfora,10.6333,-4.7667,19.37,27,7,2.31,BF,1733027056
485,ulladulla,-35.35,150.4667,27.78,47,100,2.4,AU,1733027057
486,vila franca do campo,37.7167,-25.4333,18.27,99,93,4.38,PT,1733027058
487,castro,-24.7911,-50.0119,20.12,86,99,4.91,BR,1733027059
488,kuta,-8.7233,115.1723,28.97,74,40,3.09,ID,1733027060
489,mananjary,-21.2167,48.3333,19.54,93,100,5.09,MG,1733027061
490,ilebo,-4.3167,20.5833,20.92,99,99,0.24,CD,1733027062
491,ceerigaabo,10.6162,47.368,14.77,36,59,3.32,SO,1733027063
492,maracas,-13.4411,-40.4308,18.07,94,65,1.47,BR,1733027064
493,sao raimundo nonato,-9.0153,-42.6994,25.69,48,96,0.61,BR,1733027065
494,antsiranana,-12.2787,49.2917,26.25,77,76,1.58,MG,1733027066
495,aleksandrovsk,59.158,57.5624,-11.5,100,100,1.49,RU,1733027067
496,bo phloi,14.3236,99.5161,27.13,59,84,2.89,TH,1733027068
497,banff,51.1762,-115.5698,-2.79,80,98,3.09,CA,1733027070
498,taoudenni,22.6783,-3.9836,17.25,22,60,4.5,ML,1733027071
499,chonchi,-42.6128,-73.8092,10.07,95,93,1.85,CL,1733027072
500,thunder bay,48.4001,-89.3168,-6.01,73,100,5.66,CA,1733027073
501,mozarlandia,-14.7447,-50.5706,22.66,86,51,0.72,BR,1733027074
502,zabol,32.25,67.25,7.99,63,10,2.56,AF,1733027075
503,labrador city,52.9463,-66.9114,-6.05,89,100,9.39,CA,1733027076
504,puerto colombia,10.9878,-74.9547,29.05,84,52,5.13,CO,1733027077
505,island harbour,50.724,-1.2758,13.32,72,100,5.36,GB,1733027078
506,puerto baquerizo moreno,-0.9,-89.6,20.94,84,76,4.68,EC,1733027079
507,shingu,33.7333,135.9833,14.91,51,1,2.12,JP,1733027082
508,lucapa,-8.4192,20.7447,18.69,98,100,1.12,AO,1733027083
509,alofi,-19.0595,-169.9187,24.94,94,75,4.63,NU,1733027084
510,pangody,65.85,74.4859,-8.19,93,100,7.39,RU,1733027085
511,timimoun,29.2639,0.231,9.21,49,0,3.09,DZ,1733027086
512,soanindrariny,-19.9049,47.2352,13.69,95,100,1.55,MG,1733027087
513,chandler,33.3062,-111.8412,18.71,36,0,0.0,US,1733026494
514,palikir - national government center,6.9248,158.1611,28.47,79,100,6.69,FM,1733027089
515,maputo,-25.9653,32.5892,21.82,83,75,1.54,MZ,1733027090
516,mana,5.6592,-53.7767,25.12,88,16,3.99,GF,1733027091
517,usogorsk,63.4106,48.6872,-8.67,93,100,3.34,RU,1733027092
518,thurso,58.5927,-3.5259,12.14,78,100,6.08,GB,1733027093
519,bjerringbro,56.378,9.6607,6.86,95,100,4.08,DK,1733027094
520,dame-marie,18.5667,-74.4167,25.73,86,9,4.17,HT,1733027095
521,carros,43.7894,7.184,8.44,72,0,6.17,FR,1733027097
522,morondava,-20.2833,44.2833,26.45,62,4,3.02,MG,1733027098
523,yanam,16.7333,82.2167,25.23,89,100,4.9,IN,1733027099
524,luderitz,-26.6481,15.1594,15.99,65,13,8.85,NA,1733027101
525,wladyslawowo,54.7909,18.4009,4.41,78,100,4.55,PL,1733027102
526,sinjai,-5.1241,120.253,25.29,92,100,1.25,ID,1733027103
527,dikhil,11.5,42.1667,21.56,64,22,1.32,DJ,1733027104
528,constantia,44.1833,28.65,4.38,75,100,9.47,RO,1733027106
529,pudasjarvi,65.3833,26.9167,-1.46,97,100,1.05,FI,1733027108
530,karratha,-20.7377,116.8463,33.76,42,90,8.24,AU,1733027109
531,hailey,43.5196,-114.3153,-3.08,74,0,3.09,US,1733027110
532,victoria point,-27.5833,153.3,25.51,93,93,0.89,AU,1733027111
533,ascoli piceno,42.8548,13.5749,8.34,76,100,2.24,IT,1733027112
534,omaruru,-21.4333,15.9333,22.08,23,19,1.57,NA,1733027113
535,nova xavantina,-14.6667,-52.35,22.44,94,71,0.87,BR,1733027114
536,charleston,32.7766,-79.9309,1.1,85,0,0.0,US,1733027115
537,berezovyy,51.6667,135.7,-4.87,78,100,1.59,RU,1733027116
538,la'ie,21.6477,-157.9253,24.66,78,21,0.89,US,1733027117
539,keflavik,64.0049,-22.5624,-3.76,58,40,11.32,IS,1733027118
540,kayangel,8.0823,134.7173,29.22,77,28,6.43,PW,1733027119
541,kara-balta,42.8142,73.8481,4.45,85,99,2.59,KG,1733027121
542,ajdabiya,30.7554,20.2263,16.31,61,20,4.37,LY,1733027122
543,bamboo flat,11.7,92.7167,29.05,79,40,2.57,IN,1733027123
544,east london,-33.0153,27.9116,18.52,82,75,1.54,ZA,1733027124
545,makhambet,47.6667,51.5833,-1.73,90,81,3.08,KZ,1733027125
546,cidade velha,14.9167,-23.6167,23.26,83,0,4.12,CV,1733027126
547,howard springs,-12.497,131.047,32.95,55,100,1.63,AU,1733027127
548,presidente medici,-11.1753,-61.9014,23.09,98,100,1.88,BR,1733027128
549,flin flon,54.7682,-101.865,-17.61,100,88,1.35,CA,1733027129
550,klaksvik,62.2266,-6.589,8.85,97,100,8.94,FO,1733027130
551,dondo,-19.6094,34.7431,22.73,76,46,1.77,MZ,1733027131
552,yerofey pavlovich,53.9667,121.9667,-17.3,69,100,2.31,RU,1733027132
553,poronaysk,49.2167,143.1167,1.31,70,43,3.48,RU,1733027133
554,ahmadpur,18.7,76.9333,22.02,61,100,4.37,IN,1733027135
555,abbadia san salvatore,42.8821,11.6695,3.48,78,61,5.09,IT,1733027136
556,chibougamau,49.9168,-74.3659,-7.21,93,100,2.57,CA,1733027137
557,dapa,9.7594,126.0531,27.77,77,100,1.33,PH,1733027138
558,el fasher,13.6279,25.3494,14.41,32,4,2.46,SD,1733027139
559,veinticinco de mayo,-35.4323,-60.1727,18.32,86,99,2.68,AR,1733027140
560,lagunas,-5.2269,-75.6753,23.62,81,74,0.98,PE,1733027141
561,sevsk,52.1491,34.4926,-2.15,95,87,1.9,RU,1733027142
562,cassilandia,-19.1133,-51.7342,23.72,90,100,0.67,BR,1733027143
563,chulym,55.0997,80.9572,-17.69,97,69,2.73,RU,1733027144
564,malango,-2.9627,119.9001,22.38,93,100,0.82,ID,1733027145
565,buka,40.8108,69.1986,6.86,85,87,3.94,UZ,1733027146
566,magadan,59.5667,150.8,-2.19,87,100,5.52,RU,1733027148
567,sabak bernam,3.7698,100.9879,24.06,97,100,2.04,MY,1733027150
568,namsos,64.4662,11.4957,5.95,100,100,2.57,NO,1733027151
569,kuqa,41.7278,82.9364,1.37,58,68,0.44,CN,1733027152
570,guerrero negro,27.9769,-114.0611,18.4,61,100,3.34,MX,1733027153
571,kings park,40.8862,-73.2573,-0.21,61,20,4.12,US,1733027154
572,egilsstadir,65.2653,-14.3948,-4.05,93,100,12.86,IS,1733027155
573,dongsheng,39.8161,109.9776,-0.36,39,9,7.62,CN,1733027156
574,ishigaki,24.3448,124.1572,25.07,53,20,4.63,JP,1733027157
575,edson,53.5835,-116.4356,-17.92,78,100,2.57,CA,1733027158
576,cambria,35.5641,-121.0808,13.36,62,100,0.45,US,1733027159
